,Name,ID
0,Precious Achiuwa,/players/a/achiupr01.html
1,Steven Adams,/players/a/adamsst01.html
2,Bam Adebayo,/players/a/adebaba01.html
3,Santi Aldama,/players/a/aldamsa01.html
4,LaMarcus Aldridge,/players/a/aldrila01.html
5,Nickeil Alexander-Walker,/players/a/alexani01.html
6,Grayson Allen,/players/a/allengr01.html
7,Jarrett Allen,/players/a/allenja01.html
8,Jose Alvarado,/players/a/alvarjo01.html
9,Justin Anderson,/players/a/anderju01.html
10,Kyle Anderson,/players/a/anderky01.html
11,Giannis Antetokounmpo,/players/a/antetgi01.html
12,Thanasis Antetokounmpo,/players/a/antetth01.html
13,Carmelo Anthony,/players/a/anthoca01.html
14,Cole Anthony,/players/a/anthoco01.html
15,OG Anunoby,/players/a/anunoog01.html
16,Ryan Arcidiacono,/players/a/arcidry01.html
17,Trevor Ariza,/players/a/arizatr01.html
18,D.J. Augustin,/players/a/augusdj01.html
19,Deni Avdija,/players/a/avdijde01.html
20,Joel Ayayi,/players/a/ayayijo01.html
21,Deandre Ayton,/players/a/aytonde01.html
22,Udoka Azubuike,/players/a/azubuud01.html
23,Marvin Bagley III,/players/b/baglema01.html
24,LaMelo Ball,/players/b/ballla01.html
25,Lonzo Ball,/players/b/balllo01.html
26,Mo Bamba,/players/b/bambamo01.html
27,Desmond Bane,/players/b/banede01.html
28,Dalano Banton,/players/b/bantoda01.html
29,Cat Barber,/players/b/barbeca01.html
30,Harrison Barnes,/players/b/barneha02.html
31,Scottie Barnes,/players/b/barnesc01.html
32,RJ Barrett,/players/b/barrerj01.html
33,Will Barton,/players/b/bartowi01.html
34,Paris Bass,/players/b/basspa01.html
35,Charles Bassey,/players/b/bassech01.html
36,Keita Bates-Diop,/players/b/bateske01.html
37,Nicolas Batum,/players/b/batumni01.html
38,Kent Bazemore,/players/b/bazemke01.html
39,Darius Bazley,/players/b/bazleda01.html
40,Bradley Beal,/players/b/bealbr01.html
41,Malik Beasley,/players/b/beaslma01.html
42,Jordan Bell,/players/b/belljo01.html
43,DeAndre' Bembry,/players/b/bembrde01.html
44,Dāvis Bertāns,/players/b/bertada01.html
45,Patrick Beverley,/players/b/beverpa01.html
46,Saddiq Bey,/players/b/beysa01.html
47,Khem Birch,/players/b/birchkh01.html
48,Goga Bitadze,/players/b/bitadgo01.html
49,Bismack Biyombo,/players/b/biyombi01.html
50,Nemanja Bjelica,/players/b/bjeline01.html
51,Eric Bledsoe,/players/b/bledser01.html
52,Keljin Blevins,/players/b/blevike01.html
53,Bogdan Bogdanović,/players/b/bogdabo01.html
54,Bojan Bogdanović,/players/b/bogdabo02.html
55,Bol Bol,/players/b/bolbo01.html
56,Leandro Bolmaro,/players/b/bolmale01.html
57,Isaac Bonga,/players/b/bongais01.html
58,Devin Booker,/players/b/bookede01.html
59,Brandon Boston Jr.,/players/b/bostobr01.html
60,Chris Boucher,/players/b/bouchch01.html
61,James Bouknight,/players/b/bouknja01.html
62,Avery Bradley,/players/b/bradlav01.html
63,Tony Bradley,/players/b/bradlto01.html
64,Ignas Brazdeikis,/players/b/brazdig01.html
65,Mikal Bridges,/players/b/bridgmi01.html
66,Miles Bridges,/players/b/bridgmi02.html
67,Oshae Brissett,/players/b/brissos01.html
68,Malcolm Brogdon,/players/b/brogdma01.html
69,Armoni Brooks,/players/b/brookar01.html
70,Dillon Brooks,/players/b/brookdi01.html
71,Bruce Brown,/players/b/brownbr01.html
72,Charlie Brown Jr.,/players/b/brownch02.html
73,Chaundee Brown Jr.,/players/b/brownch05.html
74,Greg Brown III,/players/b/browngr01.html
75,Jaylen Brown,/players/b/brownja02.html
76,Moses Brown,/players/b/brownmo01.html
77,Sterling Brown,/players/b/brownst02.html
78,Troy Brown Jr.,/players/b/browntr01.html
79,Jalen Brunson,/players/b/brunsja01.html
80,Thomas Bryant,/players/b/bryanth01.html
81,Shaq Buchanan,/players/b/buchash01.html
82,Reggie Bullock,/players/b/bullore01.html
83,Trey Burke,/players/b/burketr01.html
84,Alec Burks,/players/b/burksal01.html
85,Jared Butler,/players/b/butleja02.html
86,Jimmy Butler,/players/b/butleji01.html
87,Devontae Cacok,/players/c/cacokde01.html
88,Kentavious Caldwell-Pope,/players/c/caldwke01.html
89,Facundo Campazzo,/players/c/campafa01.html
90,Vlatko Čančar,/players/c/cancavl01.html
91,Devin Cannady,/players/c/cannade01.html
92,Clint Capela,/players/c/capelca01.html
93,Vernon Carey Jr.,/players/c/careyve01.html
94,Jevon Carter,/players/c/carteje01.html
95,Wendell Carter Jr.,/players/c/cartewe01.html
96,Alex Caruso,/players/c/carusal01.html
97,Willie Cauley-Stein,/players/c/caulewi01.html
98,Ahmad Caver,/players/c/caverah01.html
99,Justin Champagnie,/players/c/champju01.html
100,Zylan Cheatham,/players/c/cheatzy01.html
101,Chris Chiozza,/players/c/chiozch01.html
102,Marquese Chriss,/players/c/chrisma01.html
103,Josh Christopher,/players/c/chrisjo01.html
104,Gary Clark,/players/c/clarkga01.html
105,Brandon Clarke,/players/c/clarkbr01.html
106,Jordan Clarkson,/players/c/clarkjo01.html
107,Nic Claxton,/players/c/claxtni01.html
108,Amir Coffey,/players/c/coffeam01.html
109,John Collins,/players/c/collijo01.html
110,Zach Collins,/players/c/colliza01.html
111,Darren Collison,/players/c/collida01.html
112,Mike Conley,/players/c/conlemi01.html
113,Pat Connaughton,/players/c/connapa01.html
114,Tyler Cook,/players/c/cookty01.html
115,Sharife Cooper,/players/c/coopesh01.html
116,Petr Cornelie,/players/c/cornepe01.html
117,DeMarcus Cousins,/players/c/couside01.html
118,Robert Covington,/players/c/covinro01.html
119,Torrey Craig,/players/c/craigto01.html
120,Jae Crowder,/players/c/crowdja01.html
121,Jarrett Culver,/players/c/culveja01.html
122,Jarron Cumberland,/players/c/cumbeja01.html
123,Cade Cunningham,/players/c/cunnica01.html
124,Seth Curry,/players/c/curryse01.html
125,Stephen Curry,/players/c/curryst01.html
126,Anthony Davis,/players/d/davisan02.html
127,Ed Davis,/players/d/davised01.html
128,Terence Davis,/players/d/daviste02.html
129,Gabriel Deck,/players/d/deckga01.html
130,Dewayne Dedmon,/players/d/dedmode01.html
131,Sam Dekker,/players/d/dekkesa01.html
132,Javin DeLaurier,/players/d/delauja01.html
133,DeMar DeRozan,/players/d/derozde01.html
134,Mamadi Diakite,/players/d/diakima01.html
135,Cheick Diallo,/players/d/diallch01.html
136,Hamidou Diallo,/players/d/diallha01.html
137,Gorgui Dieng,/players/d/dienggo01.html
138,Spencer Dinwiddie,/players/d/dinwisp01.html
139,Donte DiVincenzo,/players/d/divindo01.html
140,Luka Dončić,/players/d/doncilu01.html
141,Luguentz Dort,/players/d/dortlu01.html
142,Ayo Dosunmu,/players/d/dosunay01.html
143,Damyean Dotson,/players/d/dotsoda01.html
144,Devon Dotson,/players/d/dotsode01.html
145,Sekou Doumbouya,/players/d/doumbse01.html
146,Jeff Dowtin,/players/d/dowtije01.html
147,PJ Dozier,/players/d/doziepj01.html
148,Goran Dragić,/players/d/dragigo01.html
149,Andre Drummond,/players/d/drumman01.html
150,Chris Duarte,/players/d/duartch01.html
151,David Duke Jr.,/players/d/dukeda01.html
152,Kris Dunn,/players/d/dunnkr01.html
153,Kevin Durant,/players/d/duranke01.html
154,Jaime Echenique,/players/e/echenja01.html
155,Anthony Edwards,/players/e/edwaran01.html
156,Carsen Edwards,/players/e/edwarca01.html
157,Kessler Edwards,/players/e/edwarke02.html
158,Rob Edwards,/players/e/edwarro01.html
159,CJ Elleby,/players/e/ellebcj01.html
160,Wayne Ellington,/players/e/ellinwa01.html
161,Joel Embiid,/players/e/embiijo01.html
162,James Ennis III,/players/e/ennisja01.html
163,Drew Eubanks,/players/e/eubandr01.html
164,Tacko Fall,/players/f/fallta01.html
165,Derrick Favors,/players/f/favorde01.html
166,Bruno Fernando,/players/f/fernabr01.html
167,Dorian Finney-Smith,/players/f/finnedo01.html
168,Malik Fitts,/players/f/fittsma01.html
169,Malachi Flynn,/players/f/flynnma01.html
170,Bryn Forbes,/players/f/forbebr01.html
171,Aleem Ford,/players/f/fordal03.html
172,Trent Forrest,/players/f/forretr01.html
173,Evan Fournier,/players/f/fournev01.html
174,De'Aaron Fox,/players/f/foxde01.html
175,Melvin Frazier,/players/f/frazime01.html
176,Tim Frazier,/players/f/fraziti01.html
177,Enes Freedom,/players/k/kanteen01.html
178,Markelle Fultz,/players/f/fultzma01.html
179,Wenyen Gabriel,/players/g/gabriwe01.html
180,Daniel Gafford,/players/g/gaffoda01.html
181,Danilo Gallinari,/players/g/gallida01.html
182,Langston Galloway,/players/g/gallola01.html
183,Darius Garland,/players/g/garlada01.html
184,Marcus Garrett,/players/g/garrema01.html
185,Usman Garuba,/players/g/garubus01.html
186,Luka Garza,/players/g/garzalu01.html
187,Rudy Gay,/players/g/gayru01.html
188,Paul George,/players/g/georgpa01.html
189,Taj Gibson,/players/g/gibsota01.html
190,Josh Giddey,/players/g/giddejo01.html
191,Shai Gilgeous-Alexander,/players/g/gilgesh01.html
192,Anthony Gill,/players/g/gillan01.html
193,Freddie Gillespie,/players/g/gillefr01.html
194,Rudy Gobert,/players/g/goberru01.html
195,Brandon Goodwin,/players/g/goodwbr01.html
196,Jordan Goodwin,/players/g/goodwjo01.html
197,Aaron Gordon,/players/g/gordoaa01.html
198,Eric Gordon,/players/g/gordoer01.html
199,Devonte' Graham,/players/g/grahade01.html
200,Jerami Grant,/players/g/grantje01.html
201,Hassani Gravett,/players/g/graveha01.html
202,Danny Green,/players/g/greenda02.html
203,Draymond Green,/players/g/greendr01.html
204,Jalen Green,/players/g/greenja05.html
205,JaMychal Green,/players/g/greenja01.html
206,Javonte Green,/players/g/greenja02.html
207,Jeff Green,/players/g/greenje02.html
208,Josh Green,/players/g/greenjo02.html
209,Blake Griffin,/players/g/griffbl01.html
210,Quentin Grimes,/players/g/grimequ01.html
211,Kyle Guy,/players/g/guyky01.html
212,Rui Hachimura,/players/h/hachiru01.html
213,Tyrese Haliburton,/players/h/halibty01.html
214,Tyler Hall,/players/h/hallty01.html
215,R.J. Hampton,/players/h/hamptrj01.html
216,Tim Hardaway Jr.,/players/h/hardati02.html
217,James Harden,/players/h/hardeja01.html
218,Maurice Harkless,/players/h/harklma01.html
219,Jared Harper,/players/h/harpeja01.html
220,Montrezl Harrell,/players/h/harremo01.html
221,Gary Harris,/players/h/harriga01.html
222,Joe Harris,/players/h/harrijo01.html
223,Tobias Harris,/players/h/harrito02.html
224,Shaquille Harrison,/players/h/harrish01.html
225,Josh Hart,/players/h/hartjo01.html
226,Isaiah Hartenstein,/players/h/harteis01.html
227,Udonis Haslem,/players/h/hasleud01.html
228,Sam Hauser,/players/h/hausesa01.html
229,Jaxson Hayes,/players/h/hayesja02.html
230,Killian Hayes,/players/h/hayeski01.html
231,Gordon Hayward,/players/h/haywago01.html
232,Aaron Henry,/players/h/henryaa01.html
233,Juancho Hernangómez,/players/h/hernaju01.html
234,Willy Hernangómez,/players/h/hernawi01.html
235,Tyler Herro,/players/h/herroty01.html
236,Buddy Hield,/players/h/hieldbu01.html
237,Haywood Highsmith,/players/h/highsha01.html
238,George Hill,/players/h/hillge01.html
239,Malcolm Hill,/players/h/hillma01.html
240,Solomon Hill,/players/h/hillso01.html
241,Nate Hinton,/players/h/hintona01.html
242,Jaylen Hoard,/players/h/hoardja01.html
243,Aaron Holiday,/players/h/holidaa01.html
244,Jrue Holiday,/players/h/holidjr01.html
245,Justin Holiday,/players/h/holidju01.html
246,Richaun Holmes,/players/h/holmeri01.html
247,Rodney Hood,/players/h/hoodro01.html
248,Scotty Hopson,/players/h/hopsosc01.html
249,Al Horford,/players/h/horfoal01.html
250,Talen Horton-Tucker,/players/h/hortota01.html
251,Danuel House Jr.,/players/h/houseda01.html
252,Dwight Howard,/players/h/howardw01.html
253,Markus Howard,/players/h/howarma02.html
254,Kevin Huerter,/players/h/huertke01.html
255,Jay Huff,/players/h/huffja01.html
256,Elijah Hughes,/players/h/hugheel01.html
257,Feron Hunt,/players/h/huntfe01.html
258,De'Andre Hunter,/players/h/huntede01.html
259,Chandler Hutchison,/players/h/hutchch01.html
260,Bones Hyland,/players/h/hylanbo01.html
261,Serge Ibaka,/players/i/ibakase01.html
262,Andre Iguodala,/players/i/iguodan01.html
263,Joe Ingles,/players/i/inglejo01.html
264,Brandon Ingram,/players/i/ingrabr01.html
265,Kyrie Irving,/players/i/irvinky01.html
266,Wes Iwundu,/players/i/iwundwe01.html
267,Frank Jackson,/players/j/jacksfr01.html
268,Isaiah Jackson,/players/j/jacksis01.html
269,Jaren Jackson Jr.,/players/j/jacksja02.html
270,Josh Jackson,/players/j/jacksjo02.html
271,Justin Jackson,/players/j/jacksju01.html
272,Reggie Jackson,/players/j/jacksre01.html
273,LeBron James,/players/j/jamesle01.html
274,DeJon Jarreau,/players/j/jarrede01.html
275,DaQuan Jeffries,/players/j/jeffrda01.html
276,Ty Jerome,/players/j/jeromty01.html
277,Isaiah Joe,/players/j/joeis01.html
278,Alize Johnson,/players/j/johnsal02.html
279,B.J. Johnson,/players/j/johnsbj01.html
280,Cameron Johnson,/players/j/johnsca02.html
281,David Johnson,/players/j/johnsda08.html
282,Jalen Johnson,/players/j/johnsja05.html
283,James Johnson,/players/j/johnsja01.html
284,Joe Johnson,/players/j/johnsjo02.html
285,Keldon Johnson,/players/j/johnske04.html
286,Keon Johnson,/players/j/johnske07.html
287,Stanley Johnson,/players/j/johnsst04.html
288,Tyler Johnson,/players/j/johnsty01.html
289,Nikola Jokić,/players/j/jokicni01.html
290,Carlik Jones,/players/j/jonesca03.html
291,Damian Jones,/players/j/jonesda03.html
292,Derrick Jones Jr.,/players/j/jonesde02.html
293,Herbert Jones,/players/j/joneshe01.html
294,Jemerrio Jones,/players/j/jonesje01.html
295,Kai Jones,/players/j/joneska01.html
296,Mason Jones,/players/j/jonesma05.html
297,Tre Jones,/players/j/jonestr01.html
298,Tyus Jones,/players/j/jonesty01.html
299,DeAndre Jordan,/players/j/jordade01.html
300,Cory Joseph,/players/j/josepco01.html
301,Georgios Kalaitzakis,/players/k/kalaige01.html
302,Frank Kaminsky,/players/k/kaminfr01.html
303,Luke Kennard,/players/k/kennalu01.html
304,Braxton Key,/players/k/keybr01.html
305,George King,/players/k/kingge03.html
306,Louis King,/players/k/kinglo02.html
307,Corey Kispert,/players/k/kispeco01.html
308,Maxi Kleber,/players/k/klebima01.html
309,Brandon Knight,/players/k/knighbr03.html
310,Nathan Knight,/players/k/knighna01.html
311,Kevin Knox,/players/k/knoxke01.html
312,John Konchar,/players/k/konchjo01.html
313,Furkan Korkmaz,/players/k/korkmfu01.html
314,Luke Kornet,/players/k/kornelu01.html
315,Vit Krejci,/players/k/krejcvi01.html
316,Arnoldas Kulboka,/players/k/kulboar01.html
317,Jonathan Kuminga,/players/k/kuminjo01.html
318,Kyle Kuzma,/players/k/kuzmaky01.html
319,Anthony Lamb,/players/l/lamban01.html
320,Jeremy Lamb,/players/l/lambje01.html
321,Jock Landale,/players/l/landajo01.html
322,Romeo Langford,/players/l/langfro01.html
323,Zach LaVine,/players/l/lavinza01.html
324,Jake Layman,/players/l/laymaja01.html
325,Damion Lee,/players/l/leeda03.html
326,Saben Lee,/players/l/leesa01.html
327,Alex Len,/players/l/lenal01.html
328,Caris LeVert,/players/l/leverca01.html
329,Kira Lewis Jr.,/players/l/lewiski01.html
330,Scottie Lewis,/players/l/lewissc01.html
331,Damian Lillard,/players/l/lillada01.html
332,Nassir Little,/players/l/littlna01.html
333,Isaiah Livers,/players/l/liveris01.html
334,Kevon Looney,/players/l/looneke01.html
335,Brook Lopez,/players/l/lopezbr01.html
336,Robin Lopez,/players/l/lopezro01.html
337,Didi Louzada,/players/l/louzama01.html
338,Kevin Love,/players/l/loveke01.html
339,Kyle Lowry,/players/l/lowryky01.html
340,Gabriel Lundberg,/players/l/lundbga01.html
341,Timothé Luwawu-Cabarrot,/players/l/luwawti01.html
342,Trey Lyles,/players/l/lylestr01.html
343,Théo Maledon,/players/m/maledth01.html
344,Sandro Mamukelashvili,/players/m/mamuksa01.html
345,Terance Mann,/players/m/mannte01.html
346,Tre Mann,/players/m/manntr01.html
347,Boban Marjanović,/players/m/marjabo01.html
348,Lauri Markkanen,/players/m/markkla01.html
349,Naji Marshall,/players/m/marshna01.html
350,Caleb Martin,/players/m/martica02.html
351,Cody Martin,/players/m/martico01.html
352,Kelan Martin,/players/m/martike03.html
353,Kenyon Martin Jr.,/players/m/martike04.html
354,Garrison Mathews,/players/m/mathega01.html
355,Dakota Mathias,/players/m/mathida01.html
356,Wesley Matthews,/players/m/matthwe02.html
357,Tyrese Maxey,/players/m/maxeyty01.html
358,Skylar Mays,/players/m/mayssk01.html
359,Miles McBride,/players/m/mcbrimi01.html
360,Mac McClung,/players/m/mccluma01.html
361,CJ McCollum,/players/m/mccolcj01.html
362,T.J. McConnell,/players/m/mccontj01.html
363,Jaden McDaniels,/players/m/mcdanja02.html
364,Jalen McDaniels,/players/m/mcdanja01.html
365,Doug McDermott,/players/m/mcderdo01.html
366,JaVale McGee,/players/m/mcgeeja01.html
367,Cameron McGriff,/players/m/mcgrica01.html
368,Rodney McGruder,/players/m/mcgruro01.html
369,Alfonzo McKinnie,/players/m/mckinal01.html
370,JaQuori McLaughlin,/players/m/mclauja01.html
371,Jordan McLaughlin,/players/m/mclaujo01.html
372,Ben McLemore,/players/m/mclembe01.html
373,De'Anthony Melton,/players/m/meltode01.html
374,Sam Merrill,/players/m/merrisa01.html
375,Chimezie Metu,/players/m/metuch01.html
376,Khris Middleton,/players/m/middlkh01.html
377,C.J. Miles,/players/m/milescj01.html
378,Patty Mills,/players/m/millspa02.html
379,Paul Millsap,/players/m/millspa01.html
380,Shake Milton,/players/m/miltosh01.html
381,Davion Mitchell,/players/m/mitchda01.html
382,Donovan Mitchell,/players/m/mitchdo01.html
383,Evan Mobley,/players/m/mobleev01.html
384,Malik Monk,/players/m/monkma01.html
385,Greg Monroe,/players/m/monrogr01.html
386,Moses Moody,/players/m/moodymo01.html
387,Xavier Moon,/players/m/moonxa01.html
388,Matt Mooney,/players/m/moonema01.html
389,Ja Morant,/players/m/moranja01.html
390,Juwan Morgan,/players/m/morgaju01.html
391,Jaylen Morris,/players/m/morrija01.html
392,Marcus Morris,/players/m/morrima03.html
393,Markieff Morris,/players/m/morrima02.html
394,Monte Morris,/players/m/morrimo01.html
395,Emmanuel Mudiay,/players/m/mudiaem01.html
396,Mychal Mulder,/players/m/muldemy01.html
397,Ade Murkey,/players/m/murkead01.html
398,Trey Murphy III,/players/m/murphtr02.html
399,Dejounte Murray,/players/m/murrade01.html
400,Mike Muscala,/players/m/muscami01.html
401,Svi Mykhailiuk,/players/m/mykhasv01.html
402,Abdel Nader,/players/n/naderab01.html
403,Larry Nance Jr.,/players/n/nancela02.html
404,RJ Nembhard Jr.,/players/n/nembhrj01.html
405,Aaron Nesmith,/players/n/nesmiaa01.html
406,Raul Neto,/players/n/netora01.html
407,Malik Newman,/players/n/newmama01.html
408,Georges Niang,/players/n/niangge01.html
409,Daishen Nix,/players/n/nixda01.html
410,Zeke Nnaji,/players/n/nnajize01.html
411,Nerlens Noel,/players/n/noelne01.html
412,Jaylen Nowell,/players/n/nowelja01.html
413,Frank Ntilikina,/players/n/ntilila01.html
414,Jusuf Nurkić,/players/n/nurkiju01.html
415,David Nwaba,/players/n/nwabada01.html
416,Jordan Nwora,/players/n/nworajo01.html
417,Royce O'Neale,/players/o/onealro01.html
418,Semi Ojeleye,/players/o/ojelese01.html
419,Chuma Okeke,/players/o/okekech01.html
420,Josh Okogie,/players/o/okogijo01.html
421,Onyeka Okongwu,/players/o/okongon01.html
422,Isaac Okoro,/players/o/okorois01.html
423,KZ Okpala,/players/o/okpalkz01.html
424,Victor Oladipo,/players/o/oladivi01.html
425,Cameron Oliver,/players/o/oliveca01.html
426,Kelly Olynyk,/players/o/olynyke01.html
427,Eugene Omoruyi,/players/o/omorueu01.html
428,Miye Oni,/players/o/onimi01.html
429,Cedi Osman,/players/o/osmande01.html
430,Daniel Oturu,/players/o/oturuda01.html
431,Kelly Oubre Jr.,/players/o/oubreke01.html
432,Jaysean Paige,/players/p/paigeja01.html
433,Trayvon Palmer,/players/p/palmetr01.html
434,Kevin Pangos,/players/p/pangoke01.html
435,Jabari Parker,/players/p/parkeja01.html
436,Eric Paschall,/players/p/pascher01.html
437,Chris Paul,/players/p/paulch01.html
438,Cameron Payne,/players/p/payneca01.html
439,Elfrid Payton,/players/p/paytoel01.html
440,Gary Payton II,/players/p/paytoga02.html
441,Norvel Pelle,/players/p/pelleno01.html
442,Reggie Perry,/players/p/perryre01.html
443,Jamorko Pickett,/players/p/pickeja01.html
444,Theo Pinson,/players/p/pinsoth01.html
445,Mason Plumlee,/players/p/plumlma01.html
446,Jakob Poeltl,/players/p/poeltja01.html
447,Aleksej Pokusevski,/players/p/pokusal01.html
448,Yves Pons,/players/p/ponsyv01.html
449,Jordan Poole,/players/p/poolejo01.html
450,Kevin Porter Jr.,/players/p/porteke02.html
451,Michael Porter Jr.,/players/p/portemi01.html
452,Otto Porter Jr.,/players/p/porteot01.html
453,Bobby Portis,/players/p/portibo01.html
454,Kristaps Porziņģis,/players/p/porzikr01.html
455,Micah Potter,/players/p/pottemi01.html
456,Dwight Powell,/players/p/poweldw01.html
457,Myles Powell,/players/p/powelmy01.html
458,Norman Powell,/players/p/powelno01.html
459,Joshua Primo,/players/p/primojo01.html
460,Taurean Prince,/players/p/princta02.html
461,Payton Pritchard,/players/p/pritcpa01.html
462,Trevelin Queen,/players/q/queentr01.html
463,Neemias Queta,/players/q/quetane01.html
464,Immanuel Quickley,/players/q/quickim01.html
465,Jahmi'us Ramsey,/players/r/ramseja01.html
466,Julius Randle,/players/r/randlju01.html
467,Austin Reaves,/players/r/reaveau01.html
468,Cam Reddish,/players/r/reddica01.html
469,Davon Reed,/players/r/reedda01.html
470,Paul Reed,/players/r/reedpa01.html
471,Naz Reid,/players/r/reidna01.html
472,Nick Richards,/players/r/richani01.html
473,Josh Richardson,/players/r/richajo01.html
474,Austin Rivers,/players/r/riverau01.html
475,Duncan Robinson,/players/r/robindu01.html
476,Justin Robinson,/players/r/robinju01.html
477,Mitchell Robinson,/players/r/robinmi01.html
478,Jeremiah Robinson-Earl,/players/r/robinje02.html
479,Isaiah Roby,/players/r/robyis01.html
480,Rajon Rondo,/players/r/rondora01.html
481,Derrick Rose,/players/r/rosede01.html
482,Terrence Ross,/players/r/rosste01.html
483,Terry Rozier,/players/r/roziete01.html
484,Ricky Rubio,/players/r/rubiori01.html
485,D'Angelo Russell,/players/r/russeda01.html
486,Matt Ryan,/players/r/ryanma01.html
487,Domantas Sabonis,/players/s/sabondo01.html
488,Olivier Sarr,/players/s/sarrol01.html
489,Tomáš Satoranský,/players/s/satorto01.html
490,Jordan Schakel,/players/s/schakjo01.html
491,Admiral Schofield,/players/s/schofad01.html
492,Dennis Schröder,/players/s/schrode01.html
493,Tre Scott,/players/s/scotttr01.html
494,Jay Scrubb,/players/s/scrubja01.html
495,Wayne Selden,/players/s/seldewa01.html
496,Alperen Şengün,/players/s/sengual01.html
497,Collin Sexton,/players/s/sextoco01.html
498,Landry Shamet,/players/s/shamela01.html
499,Day'Ron Sharpe,/players/s/sharpda01.html
500,Pascal Siakam,/players/s/siakapa01.html
501,Chris Silva,/players/s/silvach01.html
502,Marko Simonovic,/players/s/simonma01.html
503,Anfernee Simons,/players/s/simonan01.html
504,Zavier Simpson,/players/s/simpsza01.html
505,Jericho Sims,/players/s/simsje01.html
506,Deividas Sirvydis,/players/s/sirvyde01.html
507,Javonte Smart,/players/s/smartja01.html
508,Marcus Smart,/players/s/smartma01.html
509,Dennis Smith Jr.,/players/s/smithde03.html
510,Ish Smith,/players/s/smithis01.html
511,Jalen Smith,/players/s/smithja04.html
512,Xavier Sneed,/players/s/sneedxa01.html
513,Tony Snell,/players/s/snellto01.html
514,Jaden Springer,/players/s/sprinja01.html
515,Cassius Stanley,/players/s/stanlca01.html
516,Nik Stauskas,/players/s/stausni01.html
517,Lance Stephenson,/players/s/stephla01.html
518,Lamar Stevens,/players/s/stevela01.html
519,Isaiah Stewart,/players/s/stewais01.html
520,Max Strus,/players/s/strusma01.html
521,Jalen Suggs,/players/s/suggsja01.html
522,Craig Sword,/players/s/swordcr01.html
523,Keifer Sykes,/players/s/sykeske01.html
524,Jae'Sean Tate,/players/t/tateja01.html
525,Jayson Tatum,/players/t/tatumja01.html
526,Terry Taylor,/players/t/taylote01.html
527,Garrett Temple,/players/t/templga01.html
528,Emanuel Terry,/players/t/terryem01.html
529,Tyrell Terry,/players/t/terryty01.html
530,Jon Teske,/players/t/teskejo01.html
531,Daniel Theis,/players/t/theisda01.html
532,Brodric Thomas,/players/t/thomabr01.html
533,Cam Thomas,/players/t/thomaca02.html
534,Isaiah Thomas,/players/t/thomais02.html
535,Matt Thomas,/players/t/thomama02.html
536,Klay Thompson,/players/t/thompkl01.html
537,Tristan Thompson,/players/t/thomptr01.html
538,JT Thor,/players/t/thorjt01.html
539,Matisse Thybulle,/players/t/thybuma01.html
540,Killian Tillie,/players/t/tilliki02.html
541,Xavier Tillman Sr.,/players/t/tillmxa01.html
542,Isaiah Todd,/players/t/toddis01.html
543,Obi Toppin,/players/t/toppiob01.html
544,Juan Toscano-Anderson,/players/t/toscaju01.html
545,Karl-Anthony Towns,/players/t/townska01.html
546,Gary Trent Jr.,/players/t/trentga02.html
547,P.J. Tucker,/players/t/tuckepj01.html
548,Rayjon Tucker,/players/t/tuckera01.html
549,Myles Turner,/players/t/turnemy01.html
550,Jonas Valančiūnas,/players/v/valanjo01.html
551,Denzel Valentine,/players/v/valende01.html
552,Jarred Vanderbilt,/players/v/vandeja01.html
553,Fred VanVleet,/players/v/vanvlfr01.html
554,Devin Vassell,/players/v/vassede01.html
555,Gabe Vincent,/players/v/vincega01.html
556,Nikola Vučević,/players/v/vucevni01.html
557,Dean Wade,/players/w/wadede01.html
558,Franz Wagner,/players/w/wagnefr01.html
559,Moritz Wagner,/players/w/wagnemo01.html
560,Ish Wainright,/players/w/wainris01.html
561,Kemba Walker,/players/w/walkeke02.html
562,Lonnie Walker IV,/players/w/walkelo01.html
563,M.J. Walker,/players/w/walkemj01.html
564,Tyrone Wallace,/players/w/wallaty01.html
565,Derrick Walton,/players/w/waltode01.html
566,Brad Wanamaker,/players/w/wanambr01.html
567,Duane Washington Jr.,/players/w/washidu02.html
568,P.J. Washington,/players/w/washipj01.html
569,Yuta Watanabe,/players/w/watanyu01.html
570,Lindy Waters III,/players/w/waterli01.html
571,Tremont Waters,/players/w/watertr01.html
572,Trendon Watford,/players/w/watfotr01.html
573,Paul Watson,/players/w/watsopa01.html
574,Quinndary Weatherspoon,/players/w/weathqu01.html
575,Russell Westbrook,/players/w/westbru01.html
576,Coby White,/players/w/whiteco01.html
577,Derrick White,/players/w/whitede01.html
578,Hassan Whiteside,/players/w/whiteha01.html
579,Joe Wieskamp,/players/w/wieskjo01.html
580,Aaron Wiggins,/players/w/wiggiaa01.html
581,Andrew Wiggins,/players/w/wiggian01.html
582,Lindell Wigginton,/players/w/wiggili01.html
583,Brandon Williams,/players/w/willibr03.html
584,Grant Williams,/players/w/willigr01.html
585,Kenrich Williams,/players/w/willike04.html
586,Lou Williams,/players/w/willilo02.html
587,Patrick Williams,/players/w/willipa01.html
588,Robert Williams,/players/w/williro04.html
589,Ziaire Williams,/players/w/willizi02.html
590,D.J. Wilson,/players/w/wilsodj01.html
591,Dylan Windler,/players/w/windldy01.html
592,Justise Winslow,/players/w/winslju01.html
593,Cassius Winston,/players/w/winstca01.html
594,Christian Wood,/players/w/woodch01.html
595,Robert Woodard II,/players/w/woodaro01.html
596,Delon Wright,/players/w/wrighde01.html
597,McKinley Wright IV,/players/w/wrighmc01.html
598,Moses Wright,/players/w/wrighmo01.html
599,Gabe York,/players/y/yorkga01.html
600,Thaddeus Young,/players/y/youngth01.html
601,Trae Young,/players/y/youngtr01.html
602,Omer Yurtseven,/players/y/yurtsom01.html
603,Cody Zeller,/players/z/zelleco01.html
604,Ivica Zubac,/players/z/zubaciv01.html
